years_experience,education,job_role,location,company_size,salary
6.5,High School,HR Manager,Remote,Small,75416.58
4.6,High School,Project Manager,New York,Medium,113445.59
6.9,Bachelor,Marketing Specialist,San Francisco,Small,102370.48
9.6,Master,Marketing Specialist,Seattle,Small,135879.12
4.3,High School,Data Analyst,Remote,Large,78493.24
4.3,PhD,Software Engineer,New York,Small,164543.73
9.7,High School,Sales Representative,New York,Small,82552.13
7.3,Bachelor,Sales Representative,San Francisco,Medium,109009.87
3.6,Master,Data Analyst,Chicago,Medium,137745.99
6.6,Master,HR Manager,New York,Large,188467.15
3.6,Master,Software Engineer,Seattle,Small,140205.7
3.6,Master,Project Manager,New York,Large,188443.21
5.7,Bachelor,HR Manager,Seattle,Medium,131600.02
0.0,Master,HR Manager,Remote,Large,97505.16
0.0,High School,Data Analyst,Remote,Medium,50061.68
3.3,Master,Data Analyst,Austin,Large,128142.5
2.0,Bachelor,Sales Representative,Austin,Large,78300.78
5.9,Master,Data Analyst,Seattle,Small,104913.01
2.3,Bachelor,Data Analyst,Chicago,Large,86246.59
0.8,Bachelor,Data Analyst,New York,Small,98201.94
9.4,Bachelor,Sales Representative,New York,Small,104552.49
4.3,Master,Project Manager,Austin,Small,110209.2
5.2,High School,Project Manager,Seattle,Small,90366.0
0.7,High School,Data Analyst,New York,Large,93646.72
3.4,Bachelor,Sales Representative,New York,Medium,88582.38
5.3,High School,Project Manager,Chicago,Medium,80907.3
1.5,Master,HR Manager,San Francisco,Medium,139863.51
6.1,Bachelor,Project Manager,Austin,Large,150126.78
3.2,PhD,Project Manager,Austin,Small,145337.95
4.1,Bachelor,Sales Representative,San Francisco,Medium,95558.46
3.2,High School,HR Manager,New York,Large,117258.0
10.6,Master,Sales Representative,Chicago,Small,109633.65
5.0,Bachelor,Data Analyst,Chicago,Medium,108196.04
1.8,Bachelor,Marketing Specialist,Austin,Small,70794.27
7.5,Bachelor,Project Manager,Chicago,Medium,109000.47
1.3,Master,Marketing Specialist,Remote,Medium,92701.15
5.6,Bachelor,Sales Representative,San Francisco,Medium,108076.78
0.0,PhD,Sales Representative,New York,Small,103948.73
1.0,PhD,Sales Representative,Remote,Large,83407.49
5.6,Bachelor,Marketing Specialist,San Francisco,Small,110129.44
7.2,High School,Sales Representative,Seattle,Medium,86975.89
5.5,Bachelor,Data Analyst,Austin,Small,100663.98
4.7,High School,Sales Representative,Chicago,Large,85490.69
4.1,High School,Software Engineer,Seattle,Small,98893.93
0.6,Bachelor,Marketing Specialist,Chicago,Large,71612.15
2.8,Bachelor,Software Engineer,Remote,Large,113573.15
3.6,Master,Sales Representative,New York,Small,93513.47
8.2,Master,Data Analyst,New York,Medium,157590.0
6.0,Master,Project Manager,New York,Large,174124.92
0.0,Bachelor,HR Manager,Chicago,Small,72689.51
6.0,Bachelor,HR Manager,Seattle,Large,127591.3
3.8,Bachelor,Sales Representative,New York,Medium,87731.92
3.0,PhD,Data Analyst,Seattle,Small,115164.8
6.8,High School,Marketing Specialist,Chicago,Small,68046.03
8.1,Master,Software Engineer,Remote,Small,133450.72
7.8,Bachelor,Software Engineer,Seattle,Medium,112612.61
2.5,Bachelor,Software Engineer,Remote,Large,84328.56
4.1,Master,Marketing Specialist,Chicago,Small,89898.57
6.0,Bachelor,HR Manager,Chicago,Large,120898.27
7.9,Master,Data Analyst,Austin,Large,144170.68
3.6,PhD,Marketing Specialist,Chicago,Medium,109522.88
4.4,Bachelor,Software Engineer,Chicago,Small,108804.89
1.7,Bachelor,Sales Representative,San Francisco,Large,106137.1
1.4,Bachelor,Project Manager,New York,Small,98594.96
7.4,PhD,Marketing Specialist,Austin,Small,129752.99
9.1,Bachelor,Marketing Specialist,Austin,Medium,101061.29
4.8,Bachelor,Data Analyst,Austin,Small,86512.5
8.0,Bachelor,Data Analyst,San Francisco,Small,124330.11
6.1,Master,Marketing Specialist,Remote,Large,134599.59
3.1,High School,Software Engineer,Chicago,Medium,96931.6
6.1,Master,Project Manager,New York,Small,148138.76
9.6,PhD,Data Analyst,Seattle,Large,216587.28
4.9,High School,Software Engineer,Remote,Medium,71212.48
9.7,Bachelor,Sales Representative,Chicago,Medium,99182.2
0.0,PhD,Data Analyst,San Francisco,Large,162815.71
7.5,High School,Software Engineer,Chicago,Large,126875.84
5.3,Master,Software Engineer,Chicago,Large,167055.79
4.1,Bachelor,Project Manager,San Francisco,Large,148211.43
5.3,Bachelor,Project Manager,Austin,Large,119587.84
0.0,Master,Sales Representative,Austin,Small,68734.52
4.3,Bachelor,Software Engineer,New York,Small,113693.19
6.1,Bachelor,HR Manager,New York,Medium,149760.67
9.4,Bachelor,Software Engineer,Austin,Small,92006.07
3.4,Bachelor,Project Manager,Remote,Small,82279.57
2.6,High School,HR Manager,Seattle,Small,74032.32
3.5,Bachelor,Data Analyst,Chicago,Large,109325.77
7.7,PhD,Data Analyst,Seattle,Medium,147957.78
6.0,Bachelor,Marketing Specialist,Chicago,Medium,103493.27
3.4,Bachelor,Project Manager,Austin,Medium,89867.77
6.5,Bachelor,Marketing Specialist,New York,Medium,105623.98
5.3,Master,HR Manager,Remote,Small,103384.22
7.9,High School,Project Manager,New York,Small,122530.86
2.9,PhD,Sales Representative,Seattle,Large,114093.32
4.0,Bachelor,Software Engineer,New York,Medium,177536.32
3.8,Bachelor,Sales Representative,Austin,Small,61417.36
0.6,High School,HR Manager,Remote,Small,45905.56
5.9,High School,Project Manager,Seattle,Large,127631.93
5.8,Bachelor,HR Manager,Remote,Large,102017.93
5.0,Bachelor,Software Engineer,Chicago,Large,135253.06
4.3,Master,Data Analyst,New York,Small,126522.8
0.8,Bachelor,Data Analyst,Remote,Small,52737.5
3.7,Bachelor,HR Manager,San Francisco,Large,118733.12
4.0,Bachelor,Marketing Specialist,New York,Medium,95342.13
2.6,Master,Project Manager,Chicago,Large,161520.13
4.5,High School,Project Manager,Remote,Large,85963.06
6.2,High School,Data Analyst,Seattle,Large,117426.15
10.7,High School,Sales Representative,Chicago,Large,102494.93
5.5,Master,Software Engineer,San Francisco,Small,178411.17
5.8,Bachelor,Sales Representative,Remote,Medium,76027.99
4.8,Bachelor,Sales Representative,Austin,Large,92371.46
0.0,Master,HR Manager,New York,Medium,118868.7
4.9,Master,Data Analyst,Seattle,Medium,120899.81
5.2,Bachelor,Data Analyst,Austin,Medium,90293.01
12.4,Master,Data Analyst,Remote,Large,124893.29
4.4,Bachelor,HR Manager,Remote,Small,60942.78
5.9,High School,Marketing Specialist,Chicago,Large,94590.14
4.9,Bachelor,Sales Representative,Remote,Medium,72080.98
1.5,High School,HR Manager,Seattle,Medium,77448.08
8.4,Bachelor,Project Manager,Austin,Small,118606.27
7.3,PhD,Software Engineer,Seattle,Large,217684.5
7.4,High School,Marketing Specialist,San Francisco,Medium,89751.81
2.3,High School,Project Manager,San Francisco,Small,92823.07
9.2,Bachelor,Sales Representative,New York,Medium,129459.91
0.8,PhD,Data Analyst,New York,Small,105309.58
6.8,Bachelor,Sales Representative,San Francisco,Small,74690.78
11.6,Bachelor,HR Manager,Remote,Large,117740.55
2.0,High School,Software Engineer,Seattle,Medium,105900.22
3.3,High School,HR Manager,San Francisco,Large,93041.12
5.3,PhD,Marketing Specialist,New York,Medium,131986.61
3.5,PhD,Marketing Specialist,San Francisco,Large,176686.19
0.3,High School,Software Engineer,Remote,Medium,87267.84
5.2,PhD,Project Manager,San Francisco,Large,208615.71
1.8,Bachelor,Project Manager,Seattle,Small,86084.0
6.4,Master,Marketing Specialist,Austin,Medium,111769.6
2.2,Bachelor,Marketing Specialist,Remote,Medium,76799.64
9.6,Bachelor,Data Analyst,New York,Small,113647.17
2.7,Bachelor,Project Manager,Seattle,Large,111548.99
4.0,Bachelor,Software Engineer,San Francisco,Medium,157758.29
7.4,High School,Project Manager,San Francisco,Medium,138443.01
1.3,High School,Data Analyst,Austin,Large,84824.34
5.7,Bachelor,HR Manager,New York,Small,120166.4
8.9,Master,Marketing Specialist,New York,Large,182454.48
0.2,Bachelor,Marketing Specialist,Chicago,Large,80870.21
5.6,Bachelor,Data Analyst,New York,Large,166656.44
5.8,PhD,Software Engineer,Austin,Medium,163872.03
7.3,High School,Marketing Specialist,Chicago,Small,65970.21
1.3,Bachelor,Sales Representative,Chicago,Small,74708.17
1.0,Bachelor,Marketing Specialist,San Francisco,Large,93683.21
6.6,Master,Sales Representative,San Francisco,Medium,109296.9
5.9,High School,Data Analyst,New York,Large,109713.61
5.8,Bachelor,Data Analyst,Chicago,Medium,99312.75
6.0,Master,Marketing Specialist,San Francisco,Medium,138724.9
3.0,PhD,Project Manager,Austin,Medium,157974.53
5.7,Bachelor,Sales Representative,San Francisco,Medium,98136.82
5.9,Bachelor,Software Engineer,Remote,Small,100289.68
2.9,Bachelor,Marketing Specialist,Remote,Medium,68157.67
10.6,Master,Software Engineer,San Francisco,Medium,207413.51
6.4,Bachelor,Marketing Specialist,Chicago,Large,107865.81
1.4,High School,Project Manager,Chicago,Large,99888.81
7.0,PhD,Project Manager,Seattle,Small,210294.28
2.1,Bachelor,Project Manager,Remote,Large,108558.66
7.4,Bachelor,HR Manager,Austin,Medium,80798.73
8.5,Bachelor,Project Manager,Chicago,Large,152638.73
2.5,Bachelor,Data Analyst,New York,Small,92596.37
7.9,Bachelor,Data Analyst,Remote,Large,116670.35
6.2,Bachelor,HR Manager,Austin,Large,120829.41
7.5,High School,Sales Representative,Austin,Small,70185.52
10.7,Bachelor,Software Engineer,Chicago,Small,139532.81
4.3,PhD,Marketing Specialist,Austin,Medium,134189.84
2.7,High School,Marketing Specialist,Chicago,Large,71384.61
2.3,PhD,HR Manager,San Francisco,Medium,166270.86
2.6,Bachelor,Data Analyst,Remote,Large,93560.32
4.8,Master,Marketing Specialist,Seattle,Large,125836.32
6.0,Master,Data Analyst,San Francisco,Medium,140802.28
5.8,Bachelor,Sales Representative,Remote,Large,79237.73
7.5,Master,Software Engineer,Chicago,Large,173778.3
5.0,Master,Sales Representative,Remote,Large,103463.09
9.4,Bachelor,HR Manager,Chicago,Small,89121.03
4.2,Bachelor,Project Manager,San Francisco,Medium,121585.59
13.2,Bachelor,Project Manager,New York,Small,180737.72
6.9,Master,Project Manager,New York,Medium,165415.12
2.4,Master,Sales Representative,Remote,Medium,78140.27
1.8,Master,Marketing Specialist,New York,Large,108177.12
6.4,Bachelor,Software Engineer,Chicago,Medium,131910.02
4.3,Master,Project Manager,Austin,Small,108693.29
7.1,High School,HR Manager,Chicago,Small,67906.16
6.4,Bachelor,HR Manager,Austin,Small,106062.56
4.8,High School,Project Manager,San Francisco,Medium,132007.95
2.5,Bachelor,Project Manager,Seattle,Small,102166.29
0.5,Bachelor,Software Engineer,Austin,Medium,106543.12
3.7,Bachelor,Project Manager,New York,Small,140278.22
7.6,Bachelor,Software Engineer,Chicago,Small,132229.97
5.6,Bachelor,HR Manager,San Francisco,Medium,140846.9
1.3,Bachelor,Project Manager,New York,Small,108021.41
5.5,Bachelor,Sales Representative,San Francisco,Large,131164.53
6.2,Bachelor,Sales Representative,Seattle,Medium,90887.51
2.3,Bachelor,HR Manager,Chicago,Medium,89442.8
5.5,High School,Software Engineer,Remote,Medium,91142.22
5.2,Bachelor,Sales Representative,Chicago,Large,91102.24
1.6,Bachelor,Software Engineer,Seattle,Medium,112373.31
6.1,Bachelor,Sales Representative,Chicago,Small,77518.45
6.7,Bachelor,Sales Representative,Remote,Small,76365.49
8.2,Bachelor,Software Engineer,Austin,Small,106337.54
8.2,Master,Marketing Specialist,San Francisco,Medium,165661.22
0.9,Bachelor,Sales Representative,Remote,Small,57853.2
2.2,Bachelor,Project Manager,New York,Medium,132293.38
6.5,High School,HR Manager,Seattle,Small,78933.28
6.5,Bachelor,Marketing Specialist,Austin,Large,86392.74
6.5,Bachelor,Software Engineer,New York,Large,188257.02
16.6,Bachelor,Marketing Specialist,New York,Large,155029.94
6.7,Bachelor,Data Analyst,Seattle,Large,141913.54
8.4,Bachelor,Data Analyst,Austin,Medium,97058.5
7.9,Bachelor,Sales Representative,New York,Small,105372.76
7.0,Master,Sales Representative,New York,Large,160636.08
4.1,Master,Project Manager,Austin,Medium,127825.48
7.3,Master,HR Manager,Chicago,Large,161884.55
2.7,PhD,Marketing Specialist,New York,Large,160309.06
4.3,High School,Data Analyst,San Francisco,Medium,87431.01
3.5,High School,Sales Representative,Austin,Medium,62365.15
5.2,High School,HR Manager,New York,Small,102803.32
11.9,Bachelor,Marketing Specialist,Seattle,Small,106870.57
0.0,Master,Sales Representative,Remote,Large,67168.36
7.1,Bachelor,Sales Representative,San Francisco,Large,121897.69
0.2,PhD,Data Analyst,Remote,Small,69568.96
3.6,High School,Data Analyst,Remote,Small,63788.17
8.3,PhD,Sales Representative,New York,Medium,166324.8
5.2,Bachelor,Software Engineer,San Francisco,Small,135720.24
1.8,High School,Sales Representative,San Francisco,Small,56574.9
2.9,Bachelor,HR Manager,Chicago,Large,99579.64
7.0,Bachelor,Sales Representative,Remote,Small,64834.61
2.8,Bachelor,Project Manager,San Francisco,Large,157715.86
5.6,Bachelor,Project Manager,Chicago,Small,108528.02
5.1,Master,Project Manager,Austin,Medium,152440.75
3.0,Bachelor,Software Engineer,Chicago,Small,95366.69
11.4,Bachelor,Software Engineer,Seattle,Small,124966.19
6.9,Bachelor,Sales Representative,New York,Small,83494.92
0.0,Master,Project Manager,Austin,Large,122881.41
5.6,Bachelor,Software Engineer,Austin,Medium,112145.91
3.0,Bachelor,Data Analyst,Seattle,Small,84401.28
7.6,High School,Sales Representative,Chicago,Large,79989.09
2.6,High School,HR Manager,New York,Medium,96867.96
4.7,Bachelor,Marketing Specialist,Chicago,Large,95587.36
6.5,High School,Sales Representative,San Francisco,Large,98532.17
7.6,Bachelor,Marketing Specialist,Chicago,Medium,105747.44
1.4,Master,Project Manager,Austin,Small,97310.23
4.0,High School,Marketing Specialist,New York,Large,97236.06
3.6,Bachelor,Project Manager,Chicago,Large,131085.37
3.0,Bachelor,Data Analyst,New York,Small,95520.22
10.3,PhD,Marketing Specialist,New York,Small,141871.3
6.2,Bachelor,Sales Representative,San Francisco,Medium,123572.44
1.2,Master,Project Manager,San Francisco,Medium,184982.05
7.8,Bachelor,Sales Representative,Austin,Medium,87647.31
11.4,High School,Software Engineer,Seattle,Small,105410.05
8.1,Bachelor,Project Manager,New York,Large,179059.98
0.4,PhD,Marketing Specialist,Seattle,Large,140770.88
3.5,Bachelor,Project Manager,Austin,Medium,98417.35
8.8,Master,Sales Representative,New York,Small,119741.98
2.9,Master,Data Analyst,New York,Large,148687.34
6.3,Bachelor,Project Manager,Remote,Medium,118960.96
7.3,Bachelor,Marketing Specialist,Seattle,Large,131934.83
2.2,Bachelor,Software Engineer,Chicago,Large,136696.55
4.8,Bachelor,HR Manager,San Francisco,Small,112184.99
0.0,Master,Data Analyst,Chicago,Small,86502.36
1.9,PhD,Software Engineer,Seattle,Large,176652.52
4.2,Bachelor,Project Manager,San Francisco,Medium,156164.73
1.3,Bachelor,Sales Representative,Chicago,Small,70543.73
9.9,Master,Sales Representative,Remote,Large,124104.07
0.7,Bachelor,Marketing Specialist,San Francisco,Small,81652.09
3.7,Master,Sales Representative,New York,Small,97790.71
5.4,Bachelor,Data Analyst,Chicago,Small,103910.33
9.3,Bachelor,Sales Representative,San Francisco,Large,136555.78
0.7,High School,Marketing Specialist,Remote,Medium,56497.52
8.5,Bachelor,HR Manager,San Francisco,Medium,154695.67
5.0,Bachelor,Project Manager,San Francisco,Medium,143779.72
2.1,Bachelor,Project Manager,Remote,Small,69507.55
6.4,High School,Sales Representative,Chicago,Large,81846.39
5.6,Master,Software Engineer,Austin,Small,131826.91
3.2,Master,Project Manager,Chicago,Medium,153664.41
5.2,Bachelor,HR Manager,Seattle,Medium,103645.41
3.8,High School,Sales Representative,Remote,Large,76723.78
5.3,High School,Marketing Specialist,Chicago,Small,67589.1
7.0,Bachelor,HR Manager,San Francisco,Medium,147105.73
9.8,Bachelor,Sales Representative,Remote,Large,91876.99
1.3,Bachelor,HR Manager,New York,Small,96394.8
11.4,Bachelor,Project Manager,Chicago,Small,133429.92
0.0,Bachelor,Marketing Specialist,Remote,Medium,67538.0
4.5,Bachelor,Sales Representative,Chicago,Medium,72940.26
6.8,Bachelor,Data Analyst,Remote,Small,91481.24
5.8,PhD,Marketing Specialist,San Francisco,Small,153257.15
3.1,High School,Data Analyst,New York,Medium,89198.23
4.4,Bachelor,HR Manager,New York,Small,104689.7
3.5,Bachelor,Software Engineer,Seattle,Medium,115121.87
3.2,Bachelor,Marketing Specialist,Remote,Small,64935.83
7.5,Master,HR Manager,Chicago,Medium,138674.56
6.1,Bachelor,Data Analyst,New York,Large,117647.7
2.9,PhD,Project Manager,New York,Medium,191183.08
7.7,High School,Project Manager,Austin,Medium,108743.53
5.9,High School,Software Engineer,Austin,Large,104372.2
7.4,Master,Marketing Specialist,New York,Small,112241.2
6.9,Bachelor,Marketing Specialist,Remote,Large,92618.17
2.5,Bachelor,Marketing Specialist,Seattle,Medium,87959.68
3.3,High School,HR Manager,New York,Small,79622.53
7.2,High School,Software Engineer,San Francisco,Large,156690.82
6.8,Master,Marketing Specialist,Chicago,Small,105766.54
4.9,High School,HR Manager,Seattle,Small,69637.35
5.4,Bachelor,Project Manager,San Francisco,Large,152017.28
8.8,Bachelor,Data Analyst,Seattle,Small,79228.2
3.2,Bachelor,HR Manager,San Francisco,Large,153272.23
6.6,High School,Project Manager,Chicago,Medium,99635.48
4.4,Bachelor,Project Manager,Chicago,Small,113420.55
4.3,High School,Data Analyst,Austin,Medium,63313.77
8.3,Master,Project Manager,Remote,Medium,137448.16
7.5,Bachelor,Software Engineer,San Francisco,Small,159274.68
7.4,Bachelor,Data Analyst,Austin,Large,109293.85
8.9,Master,Project Manager,San Francisco,Small,156862.47
5.1,Bachelor,Sales Representative,Austin,Medium,92868.73
7.0,Bachelor,HR Manager,Chicago,Medium,126959.52
4.1,Bachelor,Project Manager,Seattle,Large,135948.02
6.0,Bachelor,Software Engineer,Austin,Small,116206.33
4.6,Bachelor,Marketing Specialist,San Francisco,Medium,106503.74
5.3,PhD,Project Manager,San Francisco,Medium,189770.97
6.8,Bachelor,Marketing Specialist,Remote,Medium,97864.68
2.5,Bachelor,Sales Representative,Chicago,Large,71252.72
11.3,Master,Project Manager,San Francisco,Medium,209887.91
2.0,Bachelor,Data Analyst,New York,Medium,100944.08
1.4,High School,Marketing Specialist,Seattle,Small,70013.68
8.5,Bachelor,Sales Representative,Austin,Small,88041.71
7.4,PhD,Data Analyst,Remote,Medium,106217.96
6.9,High School,Data Analyst,Seattle,Medium,90359.14
6.9,Bachelor,Data Analyst,Chicago,Small,93404.8
5.0,Bachelor,Data Analyst,Remote,Large,93410.98
2.3,Bachelor,Project Manager,Austin,Large,121533.96
5.2,High School,HR Manager,Austin,Large,78423.69
3.0,Bachelor,Project Manager,New York,Large,140164.6
7.9,Master,Project Manager,Chicago,Large,188615.44
4.6,Bachelor,Sales Representative,Remote,Large,86105.68
2.5,Bachelor,Sales Representative,Remote,Large,74845.63
4.0,Master,HR Manager,San Francisco,Large,168865.44
6.2,PhD,Sales Representative,New York,Small,127202.59
3.3,Bachelor,Software Engineer,New York,Large,168356.69
2.5,Bachelor,HR Manager,Remote,Large,92492.18
5.7,High School,Sales Representative,Remote,Large,60364.87
5.7,PhD,HR Manager,Seattle,Medium,141938.44
3.5,PhD,Project Manager,Seattle,Small,128515.84
3.6,Bachelor,Project Manager,Seattle,Small,124091.43
5.7,Master,HR Manager,New York,Small,146236.31
0.7,Bachelor,Software Engineer,San Francisco,Large,148374.49
0.8,Bachelor,Software Engineer,Austin,Large,107893.15
2.8,High School,HR Manager,Seattle,Medium,77369.18
4.4,Master,Sales Representative,San Francisco,Small,122778.17
5.9,High School,Marketing Specialist,Chicago,Large,101408.04
9.4,Master,Software Engineer,Seattle,Small,161080.68
7.6,Master,Data Analyst,Austin,Medium,135572.34
4.5,Master,Project Manager,Chicago,Medium,137830.02
4.9,High School,HR Manager,Chicago,Medium,80424.47
2.0,Bachelor,Data Analyst,Austin,Small,83710.42
4.9,Bachelor,HR Manager,Seattle,Large,128726.51
4.1,Bachelor,Project Manager,New York,Large,157663.47
6.0,High School,Project Manager,Austin,Medium,95124.48
2.5,PhD,Software Engineer,Austin,Large,143338.86
6.6,Bachelor,Software Engineer,Austin,Medium,129309.9
9.6,Bachelor,Data Analyst,Chicago,Small,96792.81
4.7,Bachelor,HR Manager,San Francisco,Medium,111246.2
6.2,Bachelor,Project Manager,New York,Small,123542.26
7.1,Bachelor,Data Analyst,Seattle,Medium,107840.02
3.8,Bachelor,Marketing Specialist,Seattle,Large,117736.28
5.7,PhD,Data Analyst,San Francisco,Large,181179.25
5.0,Bachelor,Sales Representative,Austin,Medium,72529.95
5.3,PhD,Data Analyst,New York,Large,189697.72
2.7,Master,Sales Representative,Seattle,Large,97822.15
5.1,Bachelor,Sales Representative,Remote,Large,76843.91
6.5,PhD,Sales Representative,Seattle,Small,100196.32
9.4,High School,Marketing Specialist,Austin,Large,100793.13
7.9,Master,Data Analyst,Remote,Small,97169.58
11.5,Bachelor,Data Analyst,San Francisco,Medium,148233.67
2.7,Master,Marketing Specialist,New York,Large,144475.96
7.6,Master,Project Manager,San Francisco,Large,210255.28
5.6,Master,Software Engineer,San Francisco,Large,215622.62
11.6,Master,Data Analyst,New York,Medium,148059.99
2.6,Bachelor,Software Engineer,New York,Small,106393.97
2.5,High School,HR Manager,Seattle,Small,66188.95
3.2,Bachelor,HR Manager,Seattle,Large,114147.16
0.0,High School,Marketing Specialist,New York,Medium,64998.78
3.4,Bachelor,HR Manager,Remote,Medium,85768.61
2.7,Bachelor,HR Manager,Chicago,Medium,85292.37
5.5,PhD,Project Manager,Seattle,Medium,187889.55
6.0,Bachelor,Project Manager,Chicago,Medium,127445.19
10.6,Master,Project Manager,Remote,Small,125193.96
7.9,High School,HR Manager,New York,Small,90048.41
3.3,Master,Marketing Specialist,Remote,Small,78354.86
2.3,PhD,Sales Representative,Seattle,Large,126628.08
6.5,Bachelor,Sales Representative,San Francisco,Medium,113752.52
1.0,Bachelor,Software Engineer,New York,Large,163456.18
10.5,Master,Sales Representative,Austin,Medium,114558.94
8.5,High School,Sales Representative,Chicago,Small,63387.39
3.6,Bachelor,Project Manager,Remote,Large,99815.58
0.0,Bachelor,Project Manager,New York,Small,90974.85
9.1,High School,HR Manager,Remote,Medium,70803.55
4.7,Bachelor,Software Engineer,New York,Medium,157972.68
8.7,High School,Data Analyst,Seattle,Medium,74896.05
0.2,High School,Software Engineer,Seattle,Small,82371.06
3.2,High School,Software Engineer,Seattle,Medium,91523.92
5.0,PhD,Marketing Specialist,Remote,Small,92272.79
5.1,Bachelor,HR Manager,Austin,Large,103449.77
3.6,PhD,Marketing Specialist,Seattle,Medium,147486.83
6.9,Bachelor,Software Engineer,New York,Medium,157621.75
1.8,Bachelor,Software Engineer,Seattle,Medium,127024.34
4.6,Bachelor,Software Engineer,San Francisco,Large,201405.9
5.4,Bachelor,Sales Representative,Seattle,Medium,92934.18
6.5,High School,Marketing Specialist,Remote,Small,51866.14
7.1,Bachelor,Software Engineer,Austin,Small,112700.0
1.6,Bachelor,Project Manager,San Francisco,Medium,118980.63
0.4,Bachelor,HR Manager,Remote,Medium,69015.78
8.8,Bachelor,HR Manager,Remote,Large,116873.53
6.0,High School,Project Manager,Remote,Large,95281.37
2.8,High School,HR Manager,New York,Large,106472.15
9.7,Master,Sales Representative,Remote,Medium,107234.76
5.3,Bachelor,Sales Representative,New York,Large,111948.35
8.5,High School,Data Analyst,Remote,Large,90699.0
5.2,PhD,Data Analyst,Chicago,Small,115529.54
11.2,High School,Data Analyst,San Francisco,Large,154245.25
10.3,Bachelor,HR Manager,Chicago,Small,105286.77
4.3,PhD,Sales Representative,Remote,Small,97708.1
7.9,Bachelor,Sales Representative,San Francisco,Large,114865.96
6.9,High School,Sales Representative,San Francisco,Small,78251.15
9.1,High School,Project Manager,Austin,Medium,100448.57
2.1,Bachelor,Sales Representative,Chicago,Medium,74964.69
7.1,High School,Project Manager,Austin,Large,120847.54
8.2,Bachelor,Data Analyst,San Francisco,Medium,120915.86
0.0,High School,Data Analyst,New York,Small,58260.5
1.5,Bachelor,HR Manager,San Francisco,Medium,97050.96
0.0,PhD,Data Analyst,Austin,Large,133957.4
4.2,Master,HR Manager,Chicago,Large,141858.26
7.2,Bachelor,Software Engineer,Remote,Small,93303.84
9.5,Bachelor,Software Engineer,Remote,Large,138603.2
5.2,Bachelor,Marketing Specialist,Chicago,Medium,100736.49
9.9,Bachelor,HR Manager,Remote,Large,119089.7
0.9,Bachelor,Marketing Specialist,Remote,Small,56117.63
0.0,High School,Marketing Specialist,Austin,Large,57884.24
4.8,Master,Software Engineer,Chicago,Medium,132212.63
6.2,Bachelor,HR Manager,Seattle,Small,118666.25
4.9,High School,Software Engineer,New York,Medium,136038.31
0.0,Bachelor,Marketing Specialist,New York,Small,68557.6
4.7,Bachelor,HR Manager,Remote,Large,115409.82
1.1,Master,Marketing Specialist,New York,Small,91586.75
7.0,Master,Sales Representative,Chicago,Small,101363.19
6.1,Master,HR Manager,Chicago,Large,169526.4
2.2,High School,HR Manager,San Francisco,Medium,91887.31
3.5,Bachelor,Marketing Specialist,San Francisco,Large,118931.25
1.8,Bachelor,Sales Representative,New York,Small,82647.71
4.8,High School,Project Manager,Seattle,Large,103446.01
7.9,Bachelor,Software Engineer,San Francisco,Small,176338.71
2.0,Master,Marketing Specialist,San Francisco,Large,140110.74
6.5,High School,HR Manager,Chicago,Large,94757.21
3.4,Bachelor,Software Engineer,Seattle,Medium,118725.74
2.6,Bachelor,Software Engineer,Remote,Small,74923.81
4.7,High School,Software Engineer,New York,Medium,109398.06
1.9,Bachelor,Project Manager,San Francisco,Small,114178.01
3.3,PhD,Data Analyst,Seattle,Large,140833.43
1.4,Master,Marketing Specialist,Seattle,Small,89726.99
10.9,PhD,Data Analyst,New York,Medium,201338.27
5.1,Bachelor,Data Analyst,Seattle,Medium,103169.58
2.9,High School,Data Analyst,Seattle,Medium,82043.28
5.6,Bachelor,Software Engineer,Seattle,Small,114373.89
4.7,Bachelor,Sales Representative,San Francisco,Medium,114149.09
4.3,Master,Software Engineer,New York,Medium,172663.99
6.8,High School,Software Engineer,Seattle,Medium,133666.37
7.3,Bachelor,HR Manager,Seattle,Large,175384.96
3.4,High School,HR Manager,San Francisco,Large,107707.21
3.3,Bachelor,Data Analyst,New York,Small,91319.65
4.2,Master,Software Engineer,Chicago,Small,126187.49
0.0,Bachelor,Data Analyst,San Francisco,Medium,103837.88
0.5,Bachelor,HR Manager,New York,Large,130167.25
9.1,Bachelor,Sales Representative,Seattle,Medium,97921.18
9.9,Bachelor,Marketing Specialist,New York,Medium,131143.66
4.3,Master,Data Analyst,New York,Large,150505.73
6.7,Master,Sales Representative,Remote,Large,111501.93
5.9,PhD,Marketing Specialist,New York,Large,202771.64
14.2,Master,Project Manager,Chicago,Small,151968.98
8.4,Bachelor,Data Analyst,New York,Small,96877.77
4.6,Bachelor,Data Analyst,Chicago,Medium,101755.49
2.1,Bachelor,Project Manager,Seattle,Small,92992.12
0.2,Bachelor,Project Manager,Chicago,Large,107046.01
5.6,Master,Data Analyst,Seattle,Large,160055.37
2.7,High School,Project Manager,Seattle,Small,85833.32
0.7,PhD,Software Engineer,Chicago,Medium,141991.82
3.1,Bachelor,Marketing Specialist,San Francisco,Medium,99052.2
1.8,Bachelor,Marketing Specialist,Austin,Small,47537.52
10.1,Bachelor,Marketing Specialist,New York,Medium,135691.62
7.6,Master,Software Engineer,Remote,Medium,138006.51
5.0,Bachelor,Project Manager,Austin,Medium,128445.66
9.4,Bachelor,Sales Representative,New York,Large,137107.36
5.2,High School,Project Manager,New York,Large,121160.24
2.4,Bachelor,Data Analyst,Seattle,Small,93705.4
9.6,High School,HR Manager,New York,Large,148037.93
6.6,Master,Marketing Specialist,Remote,Medium,96394.38
1.9,Bachelor,Project Manager,New York,Large,155756.35
4.4,Bachelor,Sales Representative,Chicago,Small,68443.79
2.4,High School,Data Analyst,Austin,Large,76943.48
0.9,High School,Software Engineer,Chicago,Medium,87493.2
7.8,Master,Software Engineer,Remote,Medium,153806.08
10.7,High School,Sales Representative,New York,Small,89893.25
0.8,High School,Data Analyst,Remote,Large,61510.6
6.7,High School,Marketing Specialist,Seattle,Large,106277.18
3.0,PhD,Project Manager,Chicago,Large,170961.22
3.5,Master,Data Analyst,Chicago,Medium,102392.07
3.2,Bachelor,Software Engineer,San Francisco,Small,124252.02
2.4,Bachelor,Sales Representative,New York,Large,119953.9
5.1,Bachelor,Sales Representative,Seattle,Medium,83655.44
2.5,Master,Project Manager,Chicago,Medium,142528.67
5.8,Bachelor,Sales Representative,Chicago,Medium,75472.64
4.8,High School,Sales Representative,Seattle,Large,86145.14
4.3,High School,Data Analyst,Remote,Large,76542.03
2.3,High School,Marketing Specialist,Remote,Large,73612.51
3.3,Bachelor,Project Manager,New York,Large,138354.45
7.3,Master,Data Analyst,San Francisco,Large,167422.3
6.5,Bachelor,Marketing Specialist,Chicago,Large,107678.77
2.1,High School,Data Analyst,San Francisco,Large,116212.69
5.3,High School,HR Manager,Remote,Large,75589.24
7.3,PhD,Data Analyst,Remote,Large,108315.64
0.0,Bachelor,Sales Representative,Austin,Medium,63376.54
6.6,Master,Marketing Specialist,New York,Large,169817.57
3.0,Bachelor,Project Manager,Austin,Small,83008.84
6.7,Bachelor,Project Manager,Austin,Medium,129251.76
2.7,Bachelor,Marketing Specialist,Austin,Large,79855.07
0.0,High School,Sales Representative,New York,Small,55336.93
0.1,Bachelor,Software Engineer,New York,Large,145400.73
5.1,Master,Data Analyst,Seattle,Small,100333.88
5.8,Bachelor,Sales Representative,San Francisco,Small,99294.19
2.3,Bachelor,HR Manager,San Francisco,Small,118169.37
6.9,High School,Marketing Specialist,Seattle,Small,79115.07
0.0,PhD,Data Analyst,Seattle,Medium,109125.44
4.8,Master,Project Manager,Remote,Medium,138404.31
1.4,Bachelor,Software Engineer,Austin,Small,96995.1
3.0,PhD,HR Manager,Seattle,Large,135633.42
5.1,Bachelor,Project Manager,Chicago,Small,114735.38
2.4,Bachelor,Marketing Specialist,San Francisco,Medium,96096.55
3.8,Master,Data Analyst,Seattle,Large,140656.29
8.0,Master,Marketing Specialist,Chicago,Medium,132228.14
3.3,Bachelor,Data Analyst,Chicago,Medium,84774.77
7.5,High School,Sales Representative,Chicago,Large,69750.95
1.6,Bachelor,Software Engineer,Remote,Small,95617.98
6.6,PhD,Sales Representative,Remote,Small,106644.77
9.3,Bachelor,Sales Representative,Chicago,Small,86261.69
0.0,Bachelor,Marketing Specialist,Remote,Small,60317.89
2.6,Bachelor,Software Engineer,Austin,Large,118266.58
6.7,Bachelor,Data Analyst,Chicago,Large,119360.58
4.4,Bachelor,Data Analyst,Austin,Large,101632.6
6.1,PhD,HR Manager,Austin,Medium,139143.53
3.2,Bachelor,Project Manager,Chicago,Large,129210.55
5.3,High School,HR Manager,San Francisco,Small,84079.7
4.5,High School,HR Manager,Chicago,Medium,78815.97
8.5,Master,Data Analyst,Chicago,Small,122229.68
5.8,Bachelor,Marketing Specialist,Remote,Small,84869.42
6.0,Bachelor,Sales Representative,Chicago,Large,87149.94
3.8,Master,Sales Representative,San Francisco,Large,145125.56
3.5,Master,Sales Representative,Remote,Small,76891.06
3.7,Master,Software Engineer,New York,Small,121635.25
6.2,PhD,Data Analyst,New York,Medium,173745.53
3.7,Bachelor,Marketing Specialist,Austin,Large,101195.02
5.9,Master,Software Engineer,Austin,Medium,155497.54
11.2,Bachelor,Project Manager,San Francisco,Medium,178417.91
7.6,Master,Marketing Specialist,Seattle,Medium,133472.39
4.0,Master,HR Manager,New York,Small,128506.16
8.6,Master,Marketing Specialist,Austin,Medium,97330.58
3.8,Bachelor,Marketing Specialist,New York,Medium,102498.93
0.0,High School,Sales Representative,San Francisco,Small,58259.96
2.0,Bachelor,Marketing Specialist,San Francisco,Large,107001.44
0.0,PhD,HR Manager,Seattle,Large,180907.21
3.9,PhD,HR Manager,Seattle,Medium,169430.63
5.1,High School,Data Analyst,Remote,Small,53178.09
10.0,High School,Marketing Specialist,San Francisco,Large,129933.06
6.0,High School,Sales Representative,Austin,Medium,75072.98
4.3,Master,Marketing Specialist,New York,Medium,104767.68
7.5,Master,Project Manager,Chicago,Small,139916.39
0.0,Bachelor,Project Manager,Seattle,Medium,103265.54
5.7,Bachelor,Sales Representative,Chicago,Large,85101.18
7.3,Master,Data Analyst,Austin,Small,112466.27
0.6,Master,Data Analyst,Seattle,Large,132725.31
8.4,Bachelor,HR Manager,Chicago,Large,155039.29
6.0,Bachelor,HR Manager,Austin,Large,114795.46
3.8,Bachelor,Software Engineer,New York,Medium,174060.4
6.9,Bachelor,Sales Representative,Austin,Medium,67296.82
11.8,Bachelor,Marketing Specialist,Remote,Large,111636.88
5.5,Bachelor,Sales Representative,Seattle,Large,90660.41
5.7,Master,Software Engineer,San Francisco,Small,176439.76
3.6,Bachelor,HR Manager,New York,Small,98140.92
2.5,Master,Sales Representative,Chicago,Medium,93616.28
7.5,High School,Sales Representative,Seattle,Medium,78195.1
2.4,Bachelor,HR Manager,San Francisco,Small,97097.78
5.2,High School,Software Engineer,Austin,Large,101215.84
3.6,Bachelor,HR Manager,San Francisco,Medium,147843.17
6.4,Master,Data Analyst,Seattle,Large,159800.95
6.0,PhD,Marketing Specialist,Seattle,Small,106016.92
8.1,High School,HR Manager,Remote,Medium,84495.98
3.5,Bachelor,Software Engineer,Remote,Medium,98506.73
4.2,Master,Project Manager,San Francisco,Small,155580.75
2.1,Bachelor,Data Analyst,Austin,Medium,87876.43
3.7,Bachelor,Project Manager,San Francisco,Small,141930.25
6.1,Master,HR Manager,Seattle,Medium,128835.89
7.3,Bachelor,Data Analyst,Seattle,Small,102887.08
2.2,High School,Marketing Specialist,Chicago,Medium,60024.63
7.6,Bachelor,HR Manager,Remote,Large,119822.69
9.1,Master,Marketing Specialist,Chicago,Large,140229.77
6.2,Bachelor,Sales Representative,New York,Large,117850.73
10.6,High School,Project Manager,Seattle,Medium,119568.18
2.7,Master,Data Analyst,Chicago,Medium,103761.08
1.3,High School,Marketing Specialist,San Francisco,Large,104360.78
0.0,Master,Software Engineer,Remote,Large,146198.65
9.5,Bachelor,Marketing Specialist,Remote,Small,85064.27
7.0,PhD,Software Engineer,Austin,Small,159137.54
4.8,Bachelor,HR Manager,San Francisco,Small,98482.33
5.8,Bachelor,Data Analyst,Austin,Large,100745.86
1.6,High School,Marketing Specialist,Chicago,Large,70142.04
12.3,Bachelor,Marketing Specialist,New York,Large,137414.77
5.4,Master,Data Analyst,San Francisco,Small,126218.71
5.3,PhD,Marketing Specialist,San Francisco,Medium,186550.13
7.2,Bachelor,Software Engineer,San Francisco,Large,197631.36
6.4,Bachelor,Marketing Specialist,Austin,Medium,91154.97
5.7,Master,Project Manager,Chicago,Medium,134456.72
2.6,Master,HR Manager,San Francisco,Medium,159145.88
6.4,Bachelor,Sales Representative,San Francisco,Small,97670.64
10.6,Bachelor,Software Engineer,Remote,Medium,122056.2
9.0,Bachelor,Project Manager,New York,Large,155132.03
9.8,Bachelor,HR Manager,Remote,Small,94962.44
3.5,High School,Data Analyst,Remote,Large,67917.95
2.0,Bachelor,Software Engineer,New York,Large,172937.62
4.6,Bachelor,Sales Representative,Chicago,Small,86533.89
5.2,Master,HR Manager,Remote,Large,108585.67
8.3,High School,Sales Representative,Chicago,Large,76277.39
0.0,Bachelor,Data Analyst,Remote,Small,58196.23
9.6,Bachelor,Data Analyst,Seattle,Large,131301.27
4.5,Bachelor,Software Engineer,New York,Medium,146441.12
3.7,High School,Marketing Specialist,Remote,Large,65121.03
2.0,Bachelor,Data Analyst,Seattle,Medium,94992.12
0.0,Bachelor,HR Manager,Austin,Large,99764.5
7.5,Bachelor,Marketing Specialist,Seattle,Small,86252.6
5.2,Bachelor,Project Manager,San Francisco,Small,148375.98
1.1,Bachelor,Sales Representative,Remote,Large,64116.24
1.1,Master,Marketing Specialist,Seattle,Small,107967.45
4.0,Bachelor,Sales Representative,Chicago,Large,105843.85
10.0,Master,Marketing Specialist,Austin,Small,109314.73
4.2,Bachelor,Project Manager,Remote,Medium,88292.57
0.5,High School,Data Analyst,San Francisco,Large,81741.42
4.3,High School,Project Manager,Seattle,Medium,107805.5
4.2,Bachelor,Data Analyst,Austin,Medium,88664.61
0.0,Master,Data Analyst,Remote,Large,100275.86
4.8,Master,Sales Representative,Austin,Medium,114407.32
4.3,Master,HR Manager,San Francisco,Large,162490.64
7.1,Bachelor,Project Manager,Seattle,Medium,121208.26
10.5,Bachelor,Marketing Specialist,Austin,Large,120398.28
8.4,High School,Project Manager,Austin,Large,129943.66
4.2,Bachelor,Sales Representative,New York,Small,76953.54
1.7,Bachelor,Data Analyst,Austin,Large,92027.17
12.7,High School,Sales Representative,New York,Large,124590.12
5.2,Bachelor,Software Engineer,Seattle,Medium,113859.8
5.0,Bachelor,Software Engineer,Remote,Large,125798.45
4.9,Master,Marketing Specialist,Remote,Small,78544.63
5.6,PhD,Sales Representative,Seattle,Medium,130625.92
4.6,PhD,Marketing Specialist,Seattle,Medium,143849.54
3.3,Bachelor,Marketing Specialist,Chicago,Small,76623.1
3.4,Bachelor,Software Engineer,Seattle,Medium,113594.83
4.9,Bachelor,Marketing Specialist,Austin,Medium,80712.1
3.4,Master,Software Engineer,Remote,Medium,137167.11
2.9,High School,Data Analyst,San Francisco,Medium,92720.76
5.3,Bachelor,Sales Representative,Remote,Small,70347.71
4.2,Master,Marketing Specialist,New York,Small,113188.48
9.5,Bachelor,Software Engineer,Remote,Medium,136316.47
0.0,Bachelor,Project Manager,Chicago,Medium,89796.03
8.3,Bachelor,Marketing Specialist,Seattle,Small,91709.08
8.7,High School,HR Manager,Seattle,Small,100089.47
0.0,Bachelor,Data Analyst,Remote,Small,66597.33
4.0,Bachelor,Data Analyst,San Francisco,Medium,106848.05
3.9,High School,Project Manager,San Francisco,Medium,107211.82
0.8,High School,Software Engineer,Chicago,Large,93177.07
2.7,Master,Marketing Specialist,New York,Small,120358.26
1.7,Bachelor,Software Engineer,Remote,Medium,97991.57
10.3,Bachelor,Data Analyst,Seattle,Small,98581.63
7.8,Bachelor,Software Engineer,Remote,Medium,117739.95
8.8,PhD,Data Analyst,Chicago,Small,136273.66
7.2,Bachelor,Software Engineer,Austin,Medium,113441.14
1.6,Bachelor,Project Manager,Austin,Large,109686.9
3.4,Master,Sales Representative,Chicago,Large,103472.86
6.5,Master,Project Manager,Seattle,Small,140683.54
1.3,High School,Project Manager,Chicago,Medium,76416.72
7.1,Master,Sales Representative,Seattle,Medium,134297.9
4.3,Bachelor,Sales Representative,San Francisco,Small,88513.24
3.9,Bachelor,Marketing Specialist,Chicago,Medium,85866.9
7.1,High School,Marketing Specialist,Seattle,Small,75649.62
6.3,High School,Project Manager,Chicago,Medium,93394.55
3.9,Master,Project Manager,Chicago,Small,121630.49
8.5,Bachelor,Data Analyst,Seattle,Medium,120482.25
1.8,Bachelor,Data Analyst,Seattle,Small,83061.23
6.8,Master,Marketing Specialist,New York,Medium,124201.08
6.8,Master,HR Manager,Chicago,Large,149414.39
4.1,High School,HR Manager,Austin,Medium,81686.98
6.0,Bachelor,Marketing Specialist,Chicago,Small,82150.74
1.2,High School,Data Analyst,Chicago,Large,76305.23
7.8,Master,Data Analyst,Seattle,Medium,142452.39
4.4,Bachelor,HR Manager,Chicago,Large,120578.74
3.4,PhD,Software Engineer,Remote,Medium,147872.85
8.1,High School,Software Engineer,Chicago,Large,125738.84
2.9,High School,Data Analyst,Remote,Small,49826.42
0.8,Bachelor,Software Engineer,Austin,Medium,86302.47
0.3,Bachelor,Sales Representative,Seattle,Medium,80517.25
6.8,Bachelor,Marketing Specialist,Chicago,Small,92870.79
1.2,PhD,Marketing Specialist,Remote,Large,112225.72
10.3,Bachelor,Data Analyst,Remote,Small,97251.69
0.0,Bachelor,Project Manager,Remote,Small,71500.89
10.1,Master,HR Manager,San Francisco,Large,203904.16
5.6,Bachelor,Data Analyst,New York,Small,94554.19
4.7,Master,Software Engineer,Austin,Medium,124792.76
3.4,High School,HR Manager,Chicago,Medium,86580.29
6.2,Bachelor,Project Manager,San Francisco,Medium,148202.36
4.9,High School,Software Engineer,Chicago,Small,98104.8
8.3,High School,Sales Representative,Chicago,Medium,73315.74
5.3,PhD,Software Engineer,Seattle,Medium,178333.67
5.5,High School,Sales Representative,Seattle,Medium,65402.98
3.9,Bachelor,HR Manager,Seattle,Medium,101224.4
4.8,Bachelor,Sales Representative,San Francisco,Medium,118932.38
5.9,Bachelor,HR Manager,Chicago,Medium,95254.07
0.0,Master,HR Manager,New York,Small,127589.34
1.0,High School,HR Manager,Austin,Medium,60589.38
7.2,Bachelor,HR Manager,Seattle,Medium,131579.39
5.5,PhD,HR Manager,Seattle,Large,182064.02
4.4,Bachelor,Software Engineer,Chicago,Small,105217.45
5.1,PhD,HR Manager,Chicago,Small,113870.64
6.0,High School,Software Engineer,San Francisco,Small,116775.59
3.4,Bachelor,HR Manager,San Francisco,Small,97758.41
2.7,Bachelor,Sales Representative,Seattle,Medium,67978.15
5.6,Master,HR Manager,Chicago,Medium,128235.55
2.1,PhD,Project Manager,New York,Large,184093.56
6.2,Bachelor,HR Manager,Austin,Large,138619.46
0.0,Bachelor,HR Manager,Chicago,Small,81675.16
8.1,High School,Sales Representative,Chicago,Large,99792.67
6.4,Bachelor,Marketing Specialist,Remote,Large,87354.14
5.8,Bachelor,Sales Representative,San Francisco,Small,98851.67
7.9,PhD,Project Manager,Austin,Small,115763.02
10.0,Bachelor,Marketing Specialist,Seattle,Large,130758.35
8.0,Bachelor,Data Analyst,Chicago,Medium,108861.81
0.0,High School,Data Analyst,Seattle,Large,78470.48
1.2,High School,Project Manager,Chicago,Large,90794.88
3.1,Bachelor,Sales Representative,Seattle,Medium,83713.78
5.1,Bachelor,Software Engineer,Austin,Medium,86419.12
6.6,Master,Project Manager,San Francisco,Small,175311.24
2.8,Bachelor,Marketing Specialist,Austin,Small,73409.76
5.6,Bachelor,Marketing Specialist,Remote,Large,103058.12
2.7,High School,HR Manager,New York,Medium,91794.44
3.2,Master,Data Analyst,San Francisco,Small,121169.28
0.8,Master,Marketing Specialist,Austin,Large,108775.57
2.2,High School,Project Manager,Remote,Medium,54802.5
0.9,Master,Marketing Specialist,New York,Large,115582.42
2.1,Bachelor,Project Manager,Remote,Small,74155.97
8.2,High School,Software Engineer,Chicago,Small,100157.84
2.2,Bachelor,HR Manager,Chicago,Medium,71440.47
12.9,Bachelor,Data Analyst,Seattle,Large,167192.6
6.5,High School,Marketing Specialist,San Francisco,Medium,94050.33
5.6,PhD,Project Manager,Chicago,Small,155604.15
2.4,Master,Sales Representative,Remote,Small,70485.35
7.1,Bachelor,Data Analyst,San Francisco,Large,171987.79
3.3,Bachelor,Software Engineer,Chicago,Large,107939.23
5.4,Bachelor,Project Manager,Seattle,Large,150644.26
12.7,Bachelor,HR Manager,Austin,Medium,134034.19
4.7,Bachelor,HR Manager,Seattle,Large,126570.01
8.4,High School,Software Engineer,New York,Large,138308.76
2.9,Bachelor,Software Engineer,Chicago,Small,95858.64
4.9,Master,HR Manager,New York,Small,125947.09
10.3,Bachelor,Marketing Specialist,New York,Large,135522.8
3.1,High School,Marketing Specialist,Remote,Large,64612.87
10.4,Master,Project Manager,San Francisco,Small,222447.61
7.1,Bachelor,Sales Representative,Remote,Large,83514.44
3.3,Bachelor,Project Manager,Chicago,Medium,103615.39
6.9,High School,Sales Representative,New York,Medium,87786.85
7.9,Bachelor,Software Engineer,Austin,Medium,129522.89
6.9,Master,Data Analyst,New York,Large,146454.49
0.3,Bachelor,Project Manager,Austin,Small,81031.01
2.8,Bachelor,Project Manager,Remote,Large,104816.35
4.3,Master,Sales Representative,Remote,Large,104896.64
4.8,Master,Software Engineer,San Francisco,Small,152335.18
6.9,Master,Software Engineer,New York,Small,186649.13
5.5,Bachelor,Sales Representative,Seattle,Small,81811.72
1.0,Bachelor,Software Engineer,Remote,Medium,79828.45
6.1,PhD,HR Manager,Remote,Large,130107.43
6.8,Master,Marketing Specialist,San Francisco,Small,157170.17
6.7,High School,HR Manager,Austin,Large,95174.03
8.2,High School,Data Analyst,San Francisco,Medium,120896.49
7.5,Bachelor,Project Manager,New York,Medium,125984.76
6.4,PhD,Data Analyst,Chicago,Small,161846.41
4.8,Bachelor,Project Manager,Chicago,Small,113666.65
0.0,Bachelor,Marketing Specialist,Austin,Large,76482.61
6.3,High School,Software Engineer,Remote,Small,78472.94
5.6,Bachelor,HR Manager,Austin,Large,124435.46
5.8,Master,Sales Representative,Remote,Small,84790.06
1.2,Bachelor,HR Manager,Remote,Large,88439.09
1.8,Master,Marketing Specialist,Chicago,Large,107667.3
8.2,PhD,Data Analyst,Austin,Large,176213.89
4.9,Bachelor,Sales Representative,San Francisco,Large,99320.05
7.0,Bachelor,Software Engineer,Remote,Medium,111139.56
5.1,Bachelor,Marketing Specialist,Seattle,Large,94034.18
5.1,Master,Sales Representative,Seattle,Small,103488.94
7.8,Bachelor,Marketing Specialist,San Francisco,Medium,117941.63
3.5,Bachelor,Marketing Specialist,Seattle,Medium,77246.49
5.3,Master,Software Engineer,New York,Large,188034.06
3.6,Bachelor,Project Manager,Remote,Medium,96708.14
3.7,PhD,Sales Representative,San Francisco,Large,156970.42
4.1,Bachelor,Software Engineer,Austin,Small,90462.13
5.7,High School,Marketing Specialist,Remote,Large,60555.16
3.6,Bachelor,Software Engineer,San Francisco,Medium,149779.23
8.8,Master,Project Manager,Chicago,Small,136966.18
2.3,Bachelor,HR Manager,Austin,Large,98371.16
4.4,Master,Sales Representative,Chicago,Small,85572.95
3.7,PhD,Project Manager,Remote,Small,125753.03
9.3,Bachelor,Data Analyst,Austin,Medium,116797.21
5.6,PhD,Sales Representative,Seattle,Small,117822.89
8.1,High School,Project Manager,San Francisco,Medium,129469.62
0.5,Bachelor,Marketing Specialist,Remote,Small,57105.44
5.8,High School,Sales Representative,New York,Large,89430.07
7.7,Master,Sales Representative,Austin,Small,78756.73
5.2,Bachelor,Software Engineer,Austin,Large,151882.57
8.2,High School,Marketing Specialist,Remote,Large,87338.84
3.4,Bachelor,Data Analyst,Remote,Small,83947.71
9.2,Bachelor,HR Manager,Chicago,Large,170106.41
11.9,High School,Project Manager,Seattle,Small,98436.23
3.9,Master,Software Engineer,Chicago,Small,123484.02
3.7,Master,Project Manager,Chicago,Large,191302.13
9.4,Bachelor,Data Analyst,Seattle,Large,141426.17
9.7,PhD,Data Analyst,New York,Medium,193809.2
3.4,Bachelor,Sales Representative,Chicago,Large,75294.91
3.7,PhD,Data Analyst,Chicago,Medium,129662.83
4.2,Bachelor,Project Manager,Austin,Large,148184.41
1.0,Bachelor,Marketing Specialist,Seattle,Small,83193.72
2.2,High School,Marketing Specialist,San Francisco,Large,87260.66
2.0,Master,Sales Representative,New York,Small,88991.57
2.7,Bachelor,HR Manager,New York,Small,88332.91
4.9,High School,Project Manager,Seattle,Small,83650.38
5.7,High School,Project Manager,Remote,Medium,67154.14
9.7,Bachelor,Data Analyst,Remote,Large,112602.12
2.0,Bachelor,Project Manager,Austin,Small,101700.46
8.0,Master,Software Engineer,Austin,Small,147962.55
4.4,Master,HR Manager,Seattle,Medium,149761.56
4.9,High School,Data Analyst,Austin,Large,93222.25
7.0,Master,Software Engineer,New York,Large,206052.17
1.6,High School,Sales Representative,New York,Medium,62273.53
6.1,Master,Marketing Specialist,San Francisco,Medium,132228.69
5.5,Master,Sales Representative,Remote,Large,83070.83
6.5,Bachelor,Marketing Specialist,Seattle,Medium,103684.13
5.9,Master,Sales Representative,Chicago,Large,83690.85
12.4,Bachelor,Project Manager,Remote,Large,149892.31
3.1,Bachelor,Software Engineer,Chicago,Small,103650.23
3.4,Master,Marketing Specialist,San Francisco,Small,120408.57
3.1,Bachelor,Data Analyst,San Francisco,Large,143927.52
3.3,Bachelor,Software Engineer,Austin,Large,129123.24
3.1,Bachelor,Data Analyst,San Francisco,Large,151406.42
8.6,Master,Software Engineer,San Francisco,Large,264112.98
9.3,Bachelor,Software Engineer,Chicago,Large,154162.11
3.3,High School,Sales Representative,Austin,Large,65918.29
2.5,Master,Marketing Specialist,San Francisco,Medium,95070.04
6.4,Master,Marketing Specialist,Remote,Large,102335.62
3.3,High School,Software Engineer,San Francisco,Medium,112957.88
6.9,Bachelor,Project Manager,Austin,Medium,126598.79
5.6,High School,Project Manager,Seattle,Large,111102.22
0.5,Bachelor,Data Analyst,Austin,Large,75840.73
9.6,Bachelor,Data Analyst,Chicago,Medium,92449.69
10.4,Master,Sales Representative,Seattle,Medium,122195.42
3.2,Bachelor,Software Engineer,Remote,Large,136307.83
3.8,Bachelor,Data Analyst,New York,Large,127909.69
5.9,Bachelor,Data Analyst,Austin,Medium,104125.65
6.0,Master,HR Manager,Chicago,Medium,117116.3
7.0,Bachelor,Software Engineer,Remote,Medium,97263.46
11.0,PhD,Sales Representative,Seattle,Small,120260.0
4.5,Bachelor,Data Analyst,Remote,Medium,80671.25
2.6,High School,Sales Representative,Austin,Small,41035.53
0.9,Bachelor,Marketing Specialist,San Francisco,Large,98351.25
2.8,Bachelor,Sales Representative,Austin,Large,77750.07
4.9,Bachelor,Project Manager,New York,Medium,119400.2
10.4,High School,Project Manager,Austin,Large,97267.35
3.4,High School,Sales Representative,Seattle,Large,79745.64
5.7,Master,Project Manager,Seattle,Large,181706.31
5.0,Bachelor,Marketing Specialist,Austin,Large,105752.39
8.6,Master,Software Engineer,Seattle,Small,148273.83
12.6,Bachelor,Project Manager,San Francisco,Small,175854.37
3.4,Bachelor,Project Manager,Remote,Medium,108925.98
3.5,Bachelor,Sales Representative,Austin,Medium,75966.04
8.1,Bachelor,Marketing Specialist,San Francisco,Medium,120056.66
7.0,Bachelor,Software Engineer,Remote,Large,134664.53
10.5,Bachelor,Sales Representative,Remote,Large,92163.5
6.8,High School,Sales Representative,San Francisco,Small,74362.94
3.9,Bachelor,HR Manager,Chicago,Small,94791.23
6.8,Bachelor,Marketing Specialist,Austin,Medium,90183.32
8.3,PhD,Software Engineer,Remote,Small,170808.18
7.5,Master,Marketing Specialist,Remote,Small,87641.79
6.5,Master,Software Engineer,Seattle,Small,149275.22
8.2,Master,Marketing Specialist,Remote,Small,88705.83
8.5,Bachelor,Sales Representative,San Francisco,Small,95662.26
9.1,Bachelor,Sales Representative,Remote,Medium,89689.43
6.9,PhD,Data Analyst,Chicago,Medium,176681.85
4.5,Bachelor,Project Manager,Austin,Small,94637.08
5.4,Bachelor,HR Manager,Austin,Medium,93206.69
8.6,High School,Marketing Specialist,Remote,Large,75183.42
2.5,Bachelor,HR Manager,New York,Small,92008.51
6.1,Bachelor,Data Analyst,New York,Large,159099.06
3.8,Master,Project Manager,San Francisco,Medium,157722.72
5.1,Bachelor,Marketing Specialist,New York,Medium,99840.89
8.8,Bachelor,Software Engineer,San Francisco,Large,182775.26
5.6,PhD,Project Manager,Seattle,Medium,188151.43
5.1,High School,Sales Representative,San Francisco,Small,75392.11
0.9,Bachelor,Data Analyst,New York,Large,96923.15
7.2,High School,Project Manager,Remote,Small,72010.76
6.9,Master,Project Manager,Seattle,Large,218344.03
11.5,PhD,Sales Representative,New York,Medium,165979.11
4.1,Bachelor,Marketing Specialist,San Francisco,Large,127385.54
5.7,Master,Software Engineer,Chicago,Large,177411.52
5.7,Bachelor,Sales Representative,Austin,Small,83020.67
9.7,PhD,Software Engineer,New York,Medium,217818.89
4.7,Master,Marketing Specialist,San Francisco,Small,116564.52
5.8,Master,Project Manager,Seattle,Medium,155228.11
6.8,High School,Software Engineer,New York,Small,93452.69
5.6,PhD,Data Analyst,New York,Large,170352.14
3.7,Master,Data Analyst,Austin,Small,103910.88
5.6,Bachelor,Sales Representative,San Francisco,Medium,115693.82
8.2,Master,Marketing Specialist,Chicago,Medium,132314.45
1.9,Bachelor,Sales Representative,Seattle,Large,85324.95
5.4,Master,Sales Representative,San Francisco,Medium,122054.36
2.9,High School,HR Manager,Seattle,Small,60929.27
8.6,Master,Sales Representative,New York,Large,168270.02
0.4,Bachelor,HR Manager,Austin,Medium,89133.86
3.3,High School,Data Analyst,Austin,Medium,75927.08
6.1,Bachelor,Data Analyst,Remote,Small,90632.88
9.7,High School,Sales Representative,Chicago,Small,73545.9
4.8,Bachelor,Data Analyst,Austin,Large,121128.83
3.3,Bachelor,Marketing Specialist,New York,Medium,96468.98
10.6,Bachelor,HR Manager,Chicago,Small,92061.7
0.7,Bachelor,HR Manager,San Francisco,Large,135733.26
0.0,Bachelor,Sales Representative,Austin,Medium,51635.5
6.3,Master,Data Analyst,Chicago,Medium,123574.06
3.5,High School,Software Engineer,New York,Large,138559.65
1.9,PhD,HR Manager,Remote,Large,129683.21
7.1,Master,Sales Representative,Seattle,Small,129369.46
5.7,Bachelor,Sales Representative,Seattle,Medium,74331.22
3.3,Bachelor,Marketing Specialist,New York,Medium,97626.8
1.2,Master,Project Manager,New York,Medium,140801.35
7.6,High School,Project Manager,Seattle,Large,112093.18
7.0,High School,HR Manager,Remote,Small,61264.82
4.7,Bachelor,Marketing Specialist,Chicago,Medium,80839.8
10.5,Master,Marketing Specialist,Seattle,Large,144184.11
1.8,High School,Marketing Specialist,New York,Medium,72888.25
0.4,Bachelor,HR Manager,Austin,Small,67933.52
2.9,PhD,Project Manager,San Francisco,Medium,196821.32
4.9,Master,Marketing Specialist,Remote,Small,88421.21
5.7,Bachelor,Data Analyst,Remote,Small,81381.55
4.3,High School,Sales Representative,Austin,Medium,58724.55
6.1,Master,Sales Representative,Austin,Medium,101464.58
1.2,Bachelor,Software Engineer,New York,Small,123171.9
9.3,High School,Software Engineer,Seattle,Large,152048.14
4.8,High School,HR Manager,Chicago,Small,87348.49
8.4,PhD,HR Manager,Remote,Medium,155557.07
6.0,Bachelor,Sales Representative,Remote,Medium,86833.4
6.4,Master,Data Analyst,Austin,Large,100518.22
6.7,Master,Project Manager,Seattle,Small,148485.35
6.3,Bachelor,Project Manager,Remote,Small,92471.88
6.9,Bachelor,HR Manager,Chicago,Small,98618.12
9.0,Bachelor,Data Analyst,Austin,Medium,97996.14
5.6,Bachelor,HR Manager,Chicago,Small,98805.48
7.1,Bachelor,Project Manager,Seattle,Large,130199.21
4.7,Master,HR Manager,Remote,Medium,109852.49
9.3,Bachelor,Marketing Specialist,San Francisco,Medium,123026.93
3.0,Master,HR Manager,Remote,Small,84064.46
10.4,Bachelor,Sales Representative,Seattle,Large,129991.92
4.9,Bachelor,HR Manager,Remote,Medium,89405.06
0.7,Bachelor,Sales Representative,Remote,Medium,65212.61
5.4,Bachelor,Data Analyst,New York,Small,93928.9
3.0,Master,Project Manager,Remote,Small,99482.09
7.5,Bachelor,Software Engineer,Remote,Large,147212.81
3.0,Bachelor,Software Engineer,Chicago,Small,106166.03
3.7,High School,Project Manager,San Francisco,Large,135255.2
0.0,Bachelor,Software Engineer,Chicago,Medium,109969.62
3.6,Bachelor,HR Manager,Chicago,Large,107404.51
0.0,Bachelor,Data Analyst,Austin,Large,79311.24
0.2,PhD,Data Analyst,New York,Large,156497.05
7.3,Bachelor,Project Manager,Chicago,Medium,125720.34
7.4,Master,Software Engineer,Seattle,Small,177729.25
6.3,Bachelor,HR Manager,Seattle,Medium,122726.27
2.1,Bachelor,Data Analyst,Remote,Small,62011.77
4.9,High School,Data Analyst,Austin,Large,87035.65
5.0,Bachelor,Marketing Specialist,New York,Large,110503.77
1.5,Bachelor,Marketing Specialist,New York,Large,114355.04
9.5,Bachelor,Data Analyst,Remote,Large,97040.66
7.6,High School,Project Manager,Seattle,Large,145324.85
4.3,High School,Sales Representative,San Francisco,Small,75841.1
5.1,Bachelor,Sales Representative,Austin,Small,69987.51
5.6,PhD,HR Manager,Remote,Large,158040.19
0.0,Bachelor,Data Analyst,Austin,Medium,77258.25
4.3,Bachelor,Data Analyst,Seattle,Medium,115637.88
3.0,High School,Data Analyst,Seattle,Large,100612.54
2.0,Bachelor,Project Manager,San Francisco,Small,121960.33
4.2,Bachelor,Marketing Specialist,San Francisco,Medium,100510.93
10.4,Bachelor,Data Analyst,New York,Medium,129452.69
6.9,Bachelor,Data Analyst,Austin,Medium,98149.22
3.3,High School,Software Engineer,Austin,Large,112241.33
6.7,High School,Project Manager,Seattle,Medium,103964.31
